eyJraWQiOiJ6aGlndWFuZy1rZXkiLCJhbGciOiJSUzI1NiJ9.eyJzdWIiOiIxMCIsInVpZCI6MTAsImlzcyI6InpoaWd1YW5nIiwibmlja25hbWUiOiLnn6XlhYnnlKjmiLdmZGJiNzE5MyIsImV4cCI6MTc4NzY2Mjg5NSwidG9rZW5fdHlwZSI6ImFjY2VzcyIsImlhdCI6MTc4NzY2MTk5NSwianRpIjoiZDFkZDJlMDItZDgxZS00MjdkLWFmY2YtNjZmNWQ0NTA4NjQ1In0.MoND3sxuK6uYclaXRxsuOGmMe9NVBxYkCVvI9m8QmTyUpdnpirJa0SAst3x0KUUviKQkmIE2FFEHgHQA4LA5JgmHefaz2BGpL1RdlnczoKzhoXM4o_n0aXuT01PdtFtA42oZ9wUaQ3F9GwEEMI7sRL-tMJC2-IllMYuNHbfLcuuvtV8rojLM4TDBAeTjKkcO5S_YBeZWV7DdpWY31GxrO3n_Ns00AatnNB2q-X2_CVyAvWV7B3Un9MUto-xHP9k8Tg85btCAB_2YZZKbWgXfcS3CzsDND4qBKEZrz6Ef5dTjK_2Ae2gJl8djDUJBExVQmsfSWxV_7_YuiCgyiZJHwA,post-13900000100
eyJraWQiOiJ6aGlndWFuZy1rZXkiLCJhbGciOiJSUzI1NiJ9.eyJzdWIiOiIxMSIsInVpZCI6MTEsImlzcyI6InpoaWd1YW5nIiwibmlja25hbWUiOiLnn6XlhYnnlKjmiLcxODVhYmY4OCIsImV4cCI6MTc4NzY2Mjg5NiwidG9rZW5fdHlwZSI6ImFjY2VzcyIsImlhdCI6MTc4NzY2MTk5NiwianRpIjoiNTBkNDljZDAtMGQyNi00NWI4LWFmNzEtYTY5NWViMTQwYjlhIn0.nBP1u0j2WBPNk_HrNAhHbEhLjt53oOOuQTXHlRs-LmKKKce2agXchlDIWKd_qKitw7i_jYRVKpDBTBnPupJmbfrsBnUbhpZRXdGMsrSnm2WpLLN0vfxIEdMiNgbL8ZlGDrfDxVzDf0BGLyJELcqsMaWyi8geVvYuqzIEyc5nxAgVa1xqyQp6usZfcmanAU-hflxs-wmv3uNOg5RX_DdpTBxdfvLO0wXVV_uJnX4HJ66gXP-IPDEUqHbGJ4-F4N-aKETbAXuB3lnZsFdad2vCQ5RBM41J4532Ba6WOzlLVNrvZ7n_bYmAkj-UNC-fKh_NYEv7BCyAghZJOGhNCdCs1A,post-13900000101
eyJraWQiOiJ6aGlndWFuZy1rZXkiLCJhbGciOiJSUzI1NiJ9.eyJzdWIiOiIxMiIsInVpZCI6MTIsImlzcyI6InpoaWd1YW5nIiwibmlja25hbWUiOiLnn6XlhYnnlKjmiLcyNDZiNGMxZCIsImV4cCI6MTc4NzY2Mjg5NiwidG9rZW5fdHlwZSI6ImFjY2VzcyIsImlhdCI6MTc4NzY2MTk5NiwianRpIjoiMWNhMDM0ZDEtYjM4NS00OTE5LWFlZDMtMzNlNjE5NTdhMzE4In0.LZ1wVA47vlT-eOvks2BaxzUC9ipEGuArgfz_DRckBhE-FWYPUK3Ar7Sa3O9iVBVE9m74z70RT7-Th4HTLCmdvKxTTZ8CxBxAFh9jT0Z7RNpMWxHT7MyXFlrhwvlXd8EyHVq2uc_yDteJYKBSDp5Mvoe7Ms5DIULWRKdazMLsXRzoUok8zk0jbjmG7kSL0b2QOXTIvwlnE1pw-3yPNFhncWTUiccqx4PGbSWbHgQBnyKCy-6xjEikyHXswaZ3b8Q82Sto8s1fJtGK4-A8pad8OlYthcGIshJZBq5RqeCOBIKiWtV30RN7knIV9AF3de4TahNuSk1QcardonLxGgqtBg,post-13900000102
eyJraWQiOiJ6aGlndWFuZy1rZXkiLCJhbGciOiJSUzI1NiJ9.eyJzdWIiOiIxMyIsInVpZCI6MTMsImlzcyI6InpoaWd1YW5nIiwibmlja25hbWUiOiLnn6XlhYnnlKjmiLc4NWIwNmJjZSIsImV4cCI6MTc4NzY2Mjg5NywidG9rZW5fdHlwZSI6ImFjY2VzcyIsImlhdCI6MTc4NzY2MTk5NywianRpIjoiNzU0NWFkYzktNTgxNS00YzY5LTk4YTgtODg4YjA4ZGI0ZjhkIn0.Wee-v5mGXJiPTLLRfK3fcZnxGwbSwfrT8bkssxDVCj8DngKOdxiiHCgag8AhkTImivQ8AkdQyAxIAXbFrqQfE9LlwrFdqAyAG1QJV4sGotshhSQzUIjKi_FQUByydtJBVNRKkYML5vtdlCNFsPPfpFyJ7nbJ33w4ul6Sb6objZSl6N8gc6Guhk7fbER81oMHAhGpAn7d7bgsZng3ObfV9x7HuqSslY5DZkdqMnDEDheBwzey0ntbxzXNP09g3K8n0su1p9hs897buMpLg_8pGkoq1b0DVycaszaeE6RRzug87Gi0Jns-mLYDRNNor5jvXUsiRvN7DxHavhYevZCD1A,post-13900000103
eyJraWQiOiJ6aGlndWFuZy1rZXkiLCJhbGciOiJSUzI1NiJ9.eyJzdWIiOiIxNCIsInVpZCI6MTQsImlzcyI6InpoaWd1YW5nIiwibmlja25hbWUiOiLnn6XlhYnnlKjmiLdhMjNiYzYyYSIsImV4cCI6MTc4NzY2Mjg5NywidG9rZW5fdHlwZSI6ImFjY2VzcyIsImlhdCI6MTc4NzY2MTk5NywianRpIjoiNDQ4NzljZTYtNjk4Yi00OGM0LTk0YjEtNTZmZjQwODg5ZTBmIn0.ixWAljD2ckdfhvp7tz8Pz5gDaUr8cLCK38-f4P4xek4m0s1jGC_u_U9xSaJbE83cWXJ11sfd3WlPhJlM2b0JHgqfmX_wiqZsWUYvuguNkHc0sdzlmr0HCQEQfTUKoC__sPlyEMNW3gyypxzyWQEWjGJbBRZNcE86g1Yw0UHWHuefwVpP2TD-zl9YyN5jovQiWd6MIS4AS9g4sWzGJqEDgBKG128oeT8tGZrp6wwgiSkkfjPmVLRDbsrizdYE1oIn-mAcHwNnFoCpCAC70Q35gLZOoPVsdniGL6sfqdnceJapSkrD89zUzML7RTKzxd-2aIfsfMV7JgxTbz4FRJfGSQ,post-13900000104
eyJraWQiOiJ6aGlndWFuZy1rZXkiLCJhbGciOiJSUzI1NiJ9.eyJzdWIiOiIxNSIsInVpZCI6MTUsImlzcyI6InpoaWd1YW5nIiwibmlja25hbWUiOiLnn6XlhYnnlKjmiLc2MjU1ZjFjNSIsImV4cCI6MTc4NzY2Mjg5OCwidG9rZW5fdHlwZSI6ImFjY2VzcyIsImlhdCI6MTc4NzY2MTk5OCwianRpIjoiMGRiNWNjNGMtYjJkYi00Yjg5LTlmZWYtYzRhYjM0ZGJmODkyIn0.N1ReZb11Obf3Kvyq6E7VxAVlcmb2-4giSqxYPOIoKXeN3Z0bCbGGNkJoKqmI6caFqw39rMeU79mdEsdiKhxFw92XQ2lznG1OcbLjAHA0PZ4XPIQz7-hltDx79nNxvBjZc1PQXnUR9RkXK45ye8hdlkJhQq9ELWEh1cWezzvVJHUm_WsnDODyar3ZNy2OD-5x3Dv6LA1YEYH0NKlROSRHJqn_lBq6zwWPTDxs3ZiRkkdtpgdwpTJgNq6eqt_5IxQs6xk4Kpmi-8-YS9AE7lvAVDh9zZ0kI21PC4FHc_KanTkrImvn9PgHFDmEJ8hX_KN3ji6vfvKoF9D-SqMnQWQR5w,post-13900000105
eyJraWQiOiJ6aGlndWFuZy1rZXkiLCJhbGciOiJSUzI1NiJ9.eyJzdWIiOiIxNiIsInVpZCI6MTYsImlzcyI6InpoaWd1YW5nIiwibmlja25hbWUiOiLnn6XlhYnnlKjmiLczZWE3Y2RhNCIsImV4cCI6MTc4NzY2Mjg5OCwidG9rZW5fdHlwZSI6ImFjY2VzcyIsImlhdCI6MTc4NzY2MTk5OCwianRpIjoiYzkxMWQ3NjQtM2VhZS00NWE0LThmZWUtZDRhZDRlMzdlMGE3In0.d_ztMSPTp1pbbs6X0MC2EF662yRPZc8pKNjVjENuTFa71fgQPUj_X_h6BW98DngS07uOY6-Ea1KmCN3_s0of8ZygWAmLGqBg-VXO3xWoK_ZfeVWS02Wxrlq3qD9sxpBCenXNraaDtrsE_V-O8WYAQjfpywAIB1CZBcWGBTP9LVpRJtCRfO6rtpxrDMoqXasQFFP9QBvhhx2TcTVqLps3b06XPSzJqE8jkG2lmaZXUX5Xbo8BPKmTqZXv_DLLD2k5LOPkwzTENoZuXbgEMIBunOTCkiz9IrMZ3H5yJ5cvd5GLEtMI8YKptOAKOzpkks_xpxrDautr_lk8BB2djsNXvA,post-13900000106
eyJraWQiOiJ6aGlndWFuZy1rZXkiLCJhbGciOiJSUzI1NiJ9.eyJzdWIiOiIxNyIsInVpZCI6MTcsImlzcyI6InpoaWd1YW5nIiwibmlja25hbWUiOiLnn6XlhYnnlKjmiLdjOGZlMjhhNSIsImV4cCI6MTc4NzY2Mjg5OSwidG9rZW5fdHlwZSI6ImFjY2VzcyIsImlhdCI6MTc4NzY2MTk5OSwianRpIjoiZWVlYTg5OTctNjBlNC00ZDg0LTk3NTItNmJlOTQ1NzQ4NWQwIn0.Dx87bIiFrc33FuHNrBzSdKNFyD75s6OS3UxI3iOgM0Q3xsi7begvWN3-XfCNUXSYcBRLjIWIqWWUf8q_i2hT5gsX2hKxY2WvnicFFccPipka8NLguzOuTjuthkqsuAkFOhlr_jTxygbMPFn6zjicP1JAraViINNaWEL2R9P5yihBYINg5RKhzuqWpw3LSGvMeTZfkuPUa6jzLW0OgA81xRAqVnbW-KMtE976X2XavhShK0Sh61xwLfp-9Py-v6Fi1WLvc2TpuZUZ8N3VZ7h-kfy1ucjc0e5ZJbT6ZJW93C0BtOb6ioGUXuqcu1SSrxeEUIiYRfaTwsWmT6beMB6-KQ,post-13900000107
eyJraWQiOiJ6aGlndWFuZy1rZXkiLCJhbGciOiJSUzI1NiJ9.eyJzdWIiOiIxOCIsInVpZCI6MTgsImlzcyI6InpoaWd1YW5nIiwibmlja25hbWUiOiLnn6XlhYnnlKjmiLcyNGVhM2Y0ZSIsImV4cCI6MTc4NzY2Mjg5OSwidG9rZW5fdHlwZSI6ImFjY2VzcyIsImlhdCI6MTc4NzY2MTk5OSwianRpIjoiNDFhZTU4MzctN2RmNC00Y2ExLTlmZWEtYzYwMDhjMmMzMWIwIn0.gztkDn69sHZcxREIt-s10QCKeb2N4AGtAymqV3aW54do4Z2ur8pFcKXLkpIxsgsepjLj2l-FfORS5LUKUp_fiERR81roshDfFBblhrAgVX5N19vvLdjKT-a8q4pEi3c0EI1yCHU3VogxGqmBfAhm8JxGUBw8AagplF7aC6T14MFMx18m0txrX6-fKVilowtG2poOFCJBLDxVNkjfsuSZXQo2yV1XxsL4ybJgm2fd9pWWbV60dZS2oZQ9z6G4LCGGJb14VguAjTaZ1kNT42j2_TLjzbUnJxzFATmw4PDmttcpttH21LdCepACceJhDuOzMPaGp2s9f9V7iz-CL3Am-Q,post-13900000108
eyJraWQiOiJ6aGlndWFuZy1rZXkiLCJhbGciOiJSUzI1NiJ9.eyJzdWIiOiIxOSIsInVpZCI6MTksImlzcyI6InpoaWd1YW5nIiwibmlja25hbWUiOiLnn6XlhYnnlKjmiLc0NWI5YTJmMyIsImV4cCI6MTc4NzY2MjkwMCwidG9rZW5fdHlwZSI6ImFjY2VzcyIsImlhdCI6MTc4NzY2MjAwMCwianRpIjoiMzlmNzRiYjEtNzAxMC00MjBkLTlmMDgtODc5MzA4ODc5MDc2In0.YeeeoVToH_K6tdlUr9UD0ylINGFdkTqJYn9vzn53WyuceM133nnLHvZloWpAavwWXHCx0eAm9yL_lC4rRsfjfQi20KEYEcVy-_GjYyXUbbqwBdWpJBmf2vKyPx6EDSlgjnOWQXLu2YjNsw8TCLYvuocQcGF7MxXPMKYlUwEU2NZokNtJo-v3HmsUYEZmOc4Y33CKvtVAxQwGiit8REAg0xpFx-UTU7ry-A8ZFfqiBuqF9so-HowQAS7sAetklHMRE_a796YLQ_K1_CvsGVUFH3TSL3AJ_YuWj7lPkGk1sMyflDQP2upTy5ZHtBTcIYML9SQArTIOAcE4ZIAP0sP_gA,post-13900000109
eyJraWQiOiJ6aGlndWFuZy1rZXkiLCJhbGciOiJSUzI1NiJ9.eyJzdWIiOiIyMCIsInVpZCI6MjAsImlzcyI6InpoaWd1YW5nIiwibmlja25hbWUiOiLnn6XlhYnnlKjmiLcwMWVkODE4OSIsImV4cCI6MTc4NzY2MjkwMCwidG9rZW5fdHlwZSI6ImFjY2VzcyIsImlhdCI6MTc4NzY2MjAwMCwianRpIjoiNjEwODQ1MGMtNGIxOC00OTQ4LTk2YmMtYzc2ZGEyNmFlMjMwIn0.srpt9ZfcSU29Ps3UoyzsvL798i8NTgx_wptzNhueWntIZP9TooxfsnaBHeY2fmotyODxDM3HABacIK0_a1nUc0uTrRCsosNfOfdWiJlSPqbYw9EHyK6svGKUVMuUXg34N9HZejtGAwel4qw-ax0b_o0oPM87Pai_MOrg9lyhLt9Z-aK2ns1wdEyhz5sHwBO-ONsX7KK7gzc0OAqK_2tPIT0TjE0ZUGJgyhBz2zvWGZmReaSPUjd2VOR_433yIH6p-GUFshhZd6__b3vR6L6rH15mF2wEk6OqQrCsr6iQVx8SvuIs8_B3YzZs0O_Z81mQ3jlXU-IqATIZIosJl4JgIQ,post-13900000110
eyJraWQiOiJ6aGlndWFuZy1rZXkiLCJhbGciOiJSUzI1NiJ9.eyJzdWIiOiIyMSIsInVpZCI6MjEsImlzcyI6InpoaWd1YW5nIiwibmlja25hbWUiOiLnn6XlhYnnlKjmiLdkODY1MTVkYiIsImV4cCI6MTc4NzY2MjkwMSwidG9rZW5fdHlwZSI6ImFjY2VzcyIsImlhdCI6MTc4NzY2MjAwMSwianRpIjoiMzJiNmZmMGMtMDEyOS00ZDExLWEzNjktZDNiN2NmZmYwMjI4In0.H40OGAI3Os2_QCk_23gejwJujqLsaej1jX5HWqK8IJK-Ub1wN_ybR4W9eJWeQEmgDN7hzhpDlT4lKxOwX8M8vui-wzpbXoDdp16vXBSKV6QhoziCq5GoxMrB8PFa_EtyzFzaQvIG7_KJtbnDW6cdcTdFDln6G-qP5si_Ea0nCry7Z4aor8KNblzcWliZ77e0W9fGysu2aJpRR2ZW3x4qfxhM6NNtLiBO0eAR6hltACumJeUctBD661mQyqMGfLKXY1L5c6wi_y3PTR5_cyAeah8kHCdrKaG4VDngrf2gA346YuS64S-H82oywZSeVR3KP4vF8knzWBtWHFMZ0hVm7w,post-13900000111
eyJraWQiOiJ6aGlndWFuZy1rZXkiLCJhbGciOiJSUzI1NiJ9.eyJzdWIiOiIyMiIsInVpZCI6MjIsImlzcyI6InpoaWd1YW5nIiwibmlja25hbWUiOiLnn6XlhYnnlKjmiLc1MzUxZWE5MyIsImV4cCI6MTc4NzY2MjkwMSwidG9rZW5fdHlwZSI6ImFjY2VzcyIsImlhdCI6MTc4NzY2MjAwMSwianRpIjoiYmRmOTM3ZDItZGQzNS00MWFjLTg5MjItNDlhMGM3MGNmZjNhIn0.mZOTvGDgdC5JXK208QUyiImBYQdutzopVdey2k5LHMUbd13YCPwtMdrgHmocU4H27Nv-iru3rpaMRIsnfIckqdUHOlJQX9yV7wPsO0hCPiqaSV4LNckPD6Aa0SYDm7ejxWmgUTufuqWOPtCXMlpmYP38tTtIF4SNmO0xxaNTbDc_mqtybRmTS6StN0AEPQJy7hbq5KerUUEsPQRuR_fKeyFat0tURNHzQHprOWPUt-7NBIcKFzevbbGUpm4IGR2Qws5SfSMqmoRTNEgqcyyTADCG_saECskh8bigUpa_Vp_yXx_6-NTeKCXuBdQ4jOH5j1rVwrZMQOW0gv1aIu1IeQ,post-13900000112
eyJraWQiOiJ6aGlndWFuZy1rZXkiLCJhbGciOiJSUzI1NiJ9.eyJzdWIiOiIyMyIsInVpZCI6MjMsImlzcyI6InpoaWd1YW5nIiwibmlja25hbWUiOiLnn6XlhYnnlKjmiLc4OThkOTk0MSIsImV4cCI6MTc4NzY2MjkwMiwidG9rZW5fdHlwZSI6ImFjY2VzcyIsImlhdCI6MTc4NzY2MjAwMiwianRpIjoiNDIwMWMzNTAtYTViZS00OTQ2LTgwY2QtZGVmMjY3YzM4YzNmIn0.fC6235kdtzF5XnRFiKj_SJFeo-YYmprjsZoFORToQJOpz-FfYoaVnOsYJWDO2xmr6n1hYoeor4LeaYEnKC_Uu6urX_OaW2MsEr6OP_PK-xm4evasfW3wNtNbK-RBRjlQhZh_iw-VcQ2_nLy6Fs8pvw9QEFSiVoYUAJsu2uS-VBAXkSCD2YWKVrX6sP89aXFI7_VMNO89cOdZ4UKL24_gzqlUv_xXL18sBvFWzqQIhs3UUeCCQCUF3DQsseMN2VgvrTbnOJBtnhE6f78IN5K4MGwp3a2SCQNCzE1fN1k1arxyItPQn5Ay7vJwqNRm_AHJ8do7OanflRORfZKM9bLbyQ,post-13900000113
eyJraWQiOiJ6aGlndWFuZy1rZXkiLCJhbGciOiJSUzI1NiJ9.eyJzdWIiOiIyNCIsInVpZCI6MjQsImlzcyI6InpoaWd1YW5nIiwibmlja25hbWUiOiLnn6XlhYnnlKjmiLczZWM4NDY0ZiIsImV4cCI6MTc4NzY2MjkwMiwidG9rZW5fdHlwZSI6ImFjY2VzcyIsImlhdCI6MTc4NzY2MjAwMiwianRpIjoiZGJmNzkwYmMtNGY1ZS00NDZkLTk1NWYtMTU0ZTRkMGQ5ZWNjIn0.KJQYdaNPh_qaOt8YqklOiwC59Ig_991_3HqJwEMidnlD_wwxtJ5yqms75YRgQzsLa4rMuxkJYz7VCYftvxM0kmwfyld3QgMT4a8MKKbkKje-1srM8bkzWSuVYohDoS98G-3eVjk8dGhPg3gE71gLBRwJdgGWSKkkmk9zpSFQ7LuIwWV4cQeK1dqjpdzBNnrlHZ4kM2BZOtv6hVsFlrsPHRMYf2vhv6wsmo5g5hn3F-5NTfUOMFbNGCBYVmxRU0SM3nYHEf6VDmUT25ImH57OJGDhQEmROM2gSgBTJ1EvUAHETgepQGOwVbMy983_uC_h74O8Q9M0s02C2Z67XKvWfQ,post-13900000114
eyJraWQiOiJ6aGlndWFuZy1rZXkiLCJhbGciOiJSUzI1NiJ9.eyJzdWIiOiIyNSIsInVpZCI6MjUsImlzcyI6InpoaWd1YW5nIiwibmlja25hbWUiOiLnn6XlhYnnlKjmiLc2NTg4ZjEwMCIsImV4cCI6MTc4NzY2MjkwMywidG9rZW5fdHlwZSI6ImFjY2VzcyIsImlhdCI6MTc4NzY2MjAwMywianRpIjoiY2RiOTBjOTAtOTMzZC00YzIwLTkxNDItY2NmZjg1MjkwMzUzIn0.EP5zZ-7mT-7b9rxm6zeg_pjUxV7uZA9G_UvWaDgcpvsa7IWvXAzoTrRex4Wt4LQR0CKVGY_O44dfJIVxa2c4UBGThkrDV0Wm19qmunic2BD21ggUIqc4Zjxf8YLVkPGwwG-eLpLwXEhIr6iIWessXHi55RYtibSObxsi0CNTJohNwOPj3GvGIPLsuoP4DNmQTC7ZHMXR7GmohgfWhUjxFFsY2_5knI5yg7AkfWkn1CbAi_kwO1TvfRFlTFm-kAQYKhJdFNcRSxk5AXTb45C0oekogSqHWC0HwUfiZwTxCANdYydQip8VtzXrzCZXUvjzGb8gTvcMHaaGiDij44LJYQ,post-13900000115
eyJraWQiOiJ6aGlndWFuZy1rZXkiLCJhbGciOiJSUzI1NiJ9.eyJzdWIiOiIyNiIsInVpZCI6MjYsImlzcyI6InpoaWd1YW5nIiwibmlja25hbWUiOiLnn6XlhYnnlKjmiLc4YzhmYzI1ZSIsImV4cCI6MTc4NzY2MjkwMywidG9rZW5fdHlwZSI6ImFjY2VzcyIsImlhdCI6MTc4NzY2MjAwMywianRpIjoiZjM2MjU0YjUtMDFiYy00MzE3LWJjZTctODBjNjA5M2VhMDVlIn0.f0ymjT81gC_NN-gmL9xyqc_MdAN1O33QPscjo923aSODZx6q-cXgvQX1RAGBgb3QRKa_LQfxNzQtC_IzuOZsQsPWhwpIdSNbhRp3A_sKSa9_DD55Y1RGM6EzE3GKySQGNg_zETEp5XJ_fcc3hCaOQ06oSVlcu78p1VXXS2-P3t75FJrvxD2TCLiFdleY71dDS0nDE0-0RSJbqMo2QiFN7tZ6nrQb1QB-G2KzE2XcI7gAm9JNAvfjiZgUewqsSfCfCXKmUPlNWYdfXuo8t_0vuepJLxI2RCKrFDpe9RGJHQtUvUoPex-e7wR2KC0ooeUtDiSyQRwrCs7QLugMSRR5gA,post-13900000116
eyJraWQiOiJ6aGlndWFuZy1rZXkiLCJhbGciOiJSUzI1NiJ9.eyJzdWIiOiIyNyIsInVpZCI6MjcsImlzcyI6InpoaWd1YW5nIiwibmlja25hbWUiOiLnn6XlhYnnlKjmiLdmNzZlNWU3MSIsImV4cCI6MTc4NzY2MjkwNCwidG9rZW5fdHlwZSI6ImFjY2VzcyIsImlhdCI6MTc4NzY2MjAwNCwianRpIjoiNWRhYmFkZjItZTJhZC00ZTU0LWI0MGMtYjM3MDYyNjlkOWI0In0.CrYHVzTMpcoGPc5Kg4pV_o8DCkUitHKGkAKtfRRgiQPceQfj9jveo5NkC_VGWVqX_F03_uJzIFnMD0yMgMeX9RhIwvgRoNheGXgVuB2Y7JD8rhu_3yWGoXBi0KaSgGWoah62owQUbviKHPrxJUqMQJ5F5DjB354ShGkC1oaB3nHyV0f1HpMEQPmgXHZobg6fk1dOj2jSdpj4qOIO5MlcUQLQifRSqqBgi2xQ-prsxX2PqOWe0jgXiRWPfP6WzzuZyFTAo2_nXu8qseCjns_ZTn5WFNo4ZQPK6sZsln604rQqIv6JXp1uC0cIBtjfXgHssW0r9qA29c4tmfKhyiTB9g,post-13900000117
eyJraWQiOiJ6aGlndWFuZy1rZXkiLCJhbGciOiJSUzI1NiJ9.eyJzdWIiOiIyOCIsInVpZCI6MjgsImlzcyI6InpoaWd1YW5nIiwibmlja25hbWUiOiLnn6XlhYnnlKjmiLdjMjg1MDdiOSIsImV4cCI6MTc4NzY2MjkwNCwidG9rZW5fdHlwZSI6ImFjY2VzcyIsImlhdCI6MTc4NzY2MjAwNCwianRpIjoiY2FmOWRhYzMtZDFhNy00NzY1LTk0N2ItZWYyMjI2Y2FkOGRiIn0.bOYRBG9aK7doZl5Hpy2KUIxLNufli_lQ5hooM8MbmGBno5sXb47DBwBWFkwV5Gw93YxbGLiHCfQX85QjAFCpoalkUZCNrQnYzK6zaKgprGIquCXvjyDXKcS6zSIxz1dCvGIAUayjosNhv0uVt9LITXIuDdI1tbVkXFLbMKVYWQ09dfiaYxXlwu9uO-enWGCC2xbXB2EteR_5jkdEXcWIryaE5jT10bYsG79XzxPUCbHtCY2Cj8xGiC572ZTK7-BiO0GvxoHqrAD-8c9AWy3cdcAIakKp5Y6U8KHt00pqJ7tkrKDL0OuU-xraF3tfhAxpdC4i0TSBvzWb-qf_dboPyA,post-13900000118
eyJraWQiOiJ6aGlndWFuZy1rZXkiLCJhbGciOiJSUzI1NiJ9.eyJzdWIiOiIyOSIsInVpZCI6MjksImlzcyI6InpoaWd1YW5nIiwibmlja25hbWUiOiLnn6XlhYnnlKjmiLdmYTVmYWJiNiIsImV4cCI6MTc4NzY2MjkwNSwidG9rZW5fdHlwZSI6ImFjY2VzcyIsImlhdCI6MTc4NzY2MjAwNSwianRpIjoiMGFhYzAwMDEtNTE1Ny00NDhmLWIwN2UtMGI0NmJiZDA4ZGRhIn0.zP6pAvvyRKwzFtf5XIqZD5IaX5PgBMXSuxp-6pOoWMWXGsCfbtupG9Znx-4zSlctKEy4xjKCY-_dsMWmRKKf7qLlBa1GPxAdsT2UCYzM8poafVkYK_CR8zPhJdfnh3ydcZsEBLkyyP7bhEcdJFa7VYrC9KLL2EzgJ9LYEWauLqsnXmrCdH2luuAcie0Js61sYpiK0S9ysKFmTPCmPpii7UJyvtm31yD3Wz_3wMjpM7oF9VI-bND3dTQGN9BqI1-kJnAw2D4OgWJX_nzrKuJSt26L85ZkGt4nEjBhoAdG4CPkNhGxcqRaYq-hJCs5Io4Bs8Xxt0cYE-SnbElwuSw_eQ,post-13900000119
eyJraWQiOiJ6aGlndWFuZy1rZXkiLCJhbGciOiJSUzI1NiJ9.eyJzdWIiOiIzMCIsInVpZCI6MzAsImlzcyI6InpoaWd1YW5nIiwibmlja25hbWUiOiLnn6XlhYnnlKjmiLdhMGJmNDY2MyIsImV4cCI6MTc4NzY2MjkwNSwidG9rZW5fdHlwZSI6ImFjY2VzcyIsImlhdCI6MTc4NzY2MjAwNSwianRpIjoiMDA4OWE4ZGEtM2ZhNC00YzcwLWFkNDYtZWI0ZWJjNzcyZTVlIn0.XInkkDjYJ4mGXTd78uzN_ZQh1putoJXbfMOmxsXo5UeXanVBljaUu0PhWAhUD5IiFdWIK-1xL2VSvh72kOv3fTfU3nxIbs3vzC-qEKLu6uNYWN9P-dUMn-cVcyosme0M-0oeNH9JnDwWY5iU3wp8XLW2I9KDQGKPSF3Hgyn1P8-_IlpEXpgpqO9abneiDDgBO2wlBcE1WpZgmFT00AiAov2yleLROYyQxji3ua6NJRnUCJHD6eCHEqq62rzd7rI9vEpG7cHDTmafy7arkpUs3IJcXec7sIeKR2lLtmKYCnB7V7IT98iUrC96vuKKInMYg1Ltn_oJYaCS5moGzYqRTA,post-13900000120
eyJraWQiOiJ6aGlndWFuZy1rZXkiLCJhbGciOiJSUzI1NiJ9.eyJzdWIiOiIzMSIsInVpZCI6MzEsImlzcyI6InpoaWd1YW5nIiwibmlja25hbWUiOiLnn6XlhYnnlKjmiLc0NjA0MmRhNiIsImV4cCI6MTc4NzY2MjkwNiwidG9rZW5fdHlwZSI6ImFjY2VzcyIsImlhdCI6MTc4NzY2MjAwNiwianRpIjoiZWZiNzJjYzEtOWMzOS00MWNhLTgxYzQtM2UxOTg2OWRkNTgwIn0.yLlLfG-fXwz-RUIaKgYLjVpTyNdbd1b5IjmBZ8PiJmK0ct0Llw67B8T7mlLmiGDJIHOTyGzsuwwDSHU0gLhX1cwHD8zQ4SvzWww20F-dZJnLNBGyHIs383LCdtNY1GxXeEdfHjJIcPe3hGBzouZbzU2Pxkmankk4DLKFbr4mgRab7380yo1P3gWOPFSwoD0n3tmjWyF5lgEmJcaCtt6NbV6VTCJOdmBukTumXftoYlMHJRKCqZDHgyK54OArvLfP1nRJxPls7NhNMgCsIucRy2VGKxktXPIrMQR2B-mScAjABIRL-yCEsEEFOf1D09xYILgAny41Ts3o_DUx9G_4jQ,post-13900000121
eyJraWQiOiJ6aGlndWFuZy1rZXkiLCJhbGciOiJSUzI1NiJ9.eyJzdWIiOiIzMiIsInVpZCI6MzIsImlzcyI6InpoaWd1YW5nIiwibmlja25hbWUiOiLnn6XlhYnnlKjmiLc1MWQ4NDU1OCIsImV4cCI6MTc4NzY2MjkwNiwidG9rZW5fdHlwZSI6ImFjY2VzcyIsImlhdCI6MTc4NzY2MjAwNiwianRpIjoiMjZmZTRjMTItZjBhNy00MzUxLThmMTUtMjQ2NWNhYjk0MzdjIn0.DPPNlpUAcBgacAOt6lkma0l1SAymCDqEPO5jbGHiamZTAm216usFEfhi1Cen5xdbJYZb7Seik9l6xV-4ioVDPN5HHBDnpSPqMm_VEeWgfqpL_8O6YWAHWZAffK5k8CU65bWHv7nynHQKfYLASXNUSzPMOYMcNC_OLqQ1imnptrmwHp3BcvER2XW-bU57Irjtg7Pmy_7nCAQU8Y7gg1a3bkpo_-4JhOWAHeV0Ol0rzzHM47T7kzORevuRa0xVaYu79A35gI5tcLp6sPfB_dme0C3MGjuutfjV6jdHg_kJra8S-u0OeiU-r-UQIDpnqAOU-Ze4CLYOQ-OvgiGThv_6wA,post-13900000122
eyJraWQiOiJ6aGlndWFuZy1rZXkiLCJhbGciOiJSUzI1NiJ9.eyJzdWIiOiIzMyIsInVpZCI6MzMsImlzcyI6InpoaWd1YW5nIiwibmlja25hbWUiOiLnn6XlhYnnlKjmiLdjNzZhODUwMCIsImV4cCI6MTc4NzY2MjkwNywidG9rZW5fdHlwZSI6ImFjY2VzcyIsImlhdCI6MTc4NzY2MjAwNywianRpIjoiMzA5YzYzMzYtMmZmNS00YTczLWFkMmItMDBjM2JlNDc1N2U4In0.d7f74DOve-fC-UL96uMKqnfECkFd54hy-4LrXGYWpeBkvkuUmptEtv5Stq-bQKp64_vgMRMho81Pm-D525QRANxLRtvAEGJi8PO2iPtSwOCvN2GCm0VwSQ8fJGGj4PEVS3HvOucR-cjvQjY47rCgMPHeCvQVG3MjL3vsHILVKoPDl4CYHx8Icl9Zw5tRA8HLaxlrkgxJmZtb4D2gvDQF0HUMAh5kj-rflLe0C6NOYVbTxa5vb3cOoLz0efXogTLd2JfQiFiwzt5UUKMz8uUUiWNM_ze2gMDEJa7HEDBXL7pD7sXFKNc9KWuBnEL43hQz52nEeiffepyi4JbLISEfSQ,post-13900000123
eyJraWQiOiJ6aGlndWFuZy1rZXkiLCJhbGciOiJSUzI1NiJ9.eyJzdWIiOiIzNCIsInVpZCI6MzQsImlzcyI6InpoaWd1YW5nIiwibmlja25hbWUiOiLnn6XlhYnnlKjmiLc0NjMyNDJkMiIsImV4cCI6MTc4NzY2MjkwOCwidG9rZW5fdHlwZSI6ImFjY2VzcyIsImlhdCI6MTc4NzY2MjAwOCwianRpIjoiMGUxYjg0MTEtMmYwZS00NDgxLTgyYjQtZWQ3YTI5MTVlM2Q5In0.Bn2TgVfR8Tqv_Apy7WciQGLFHm4tBgaJLf3pw7fXabqDDLlin_5JNMYGjg1CW0ozi2qV8Qe0qH9tJ6g0LWZ4r1U6CozMZO0v3nORxRsvTltSOEOpB3rxxophCMwqhuV6VT2cE11EvsPrIVOtZLPygz_lQB6itoDJNYvW4GxetK5beJqRD4_uUUK7aXvbjZ5zVbvZ3or5cIFihxN3MFjbc7fdSrd0m_E7_EDuxIUK_RpRWp9vT-v_9vEXb75n5DfghYSeYv8vs7EIR8LNM0uJKoQVG7OnCsPtWNJtV20tmXlZK3nNGJmVjKhlegjycUxXOlz9X89URH8PkbnL-9p-0Q,post-13900000124
eyJraWQiOiJ6aGlndWFuZy1rZXkiLCJhbGciOiJSUzI1NiJ9.eyJzdWIiOiIzNSIsInVpZCI6MzUsImlzcyI6InpoaWd1YW5nIiwibmlja25hbWUiOiLnn6XlhYnnlKjmiLczOTVlZjhmZSIsImV4cCI6MTc4NzY2MjkwOCwidG9rZW5fdHlwZSI6ImFjY2VzcyIsImlhdCI6MTc4NzY2MjAwOCwianRpIjoiYmNkM2YxZDYtOGZmNC00NWNjLTgyMTItMTM4YmUyNTUwZDM4In0.fQxNe1nC-3VtEPByoBFF94wvcYqxrT_1oE7HfosukQEcbSxFCKc8kpfYvcNZijB3zgWBFaWfm1FuSpFsRWCZAzx1MyM2txzrj7hbfOub1OZZnLXehaO5CUeaHtut87crEVWpGHtkNKllCGHhNhjT4x5h-XhQF868Z5uo0EIqly3YYJm_YJgNDtwFuzPBRwIDtyEj3WQArWpdh7xoHDbVnYowQU_PvlLGnfhqHYOGS229QvLcLh2gxiFC988HxaA5vZ3GL1MMVcnr2VQT5ekrbn92NBVP8JnUIa-L6A3v-EWm42fi70tStF3fmZobQPOKLxp-wns1Phk9jjp1nULKnQ,post-13900000125
eyJraWQiOiJ6aGlndWFuZy1rZXkiLCJhbGciOiJSUzI1NiJ9.eyJzdWIiOiIzNiIsInVpZCI6MzYsImlzcyI6InpoaWd1YW5nIiwibmlja25hbWUiOiLnn6XlhYnnlKjmiLc2NTUyZDNjOCIsImV4cCI6MTc4NzY2MjkwOSwidG9rZW5fdHlwZSI6ImFjY2VzcyIsImlhdCI6MTc4NzY2MjAwOSwianRpIjoiMjNhMTc4ZTMtMzQyZS00MWIxLWE0NjItMTc4ZGNjMWFiYmRiIn0.TJTCBZkqqaRx60iFm093HqIyC0rewAs8HIRR86biTE5gX-rta2aPPesPo7AnJGz7yowj5J7PUBe4Hq4EQbfmig9EeIT2Q3RgXwHiFg1S30SkfWY-3yaklS1A7fXWzq8CdvfOb1u5EtPap_IPYu9Y2g9ZbnosAdwz4w0Yjv1ZzrybiJUUpQJUojbhaOMax67FjUUAxXKnCdrUdhmduQOKryGThGGEkxPG1Pxp2wganiKEdBlYcRzGztV2JVs16CI7bkA86gIRh727mnQcyirxAeSHgxnTHsKk3l8vl-3jJebDteng-31i0LE8LdlYkirEiRXm8REIijKJWunnjAtfBA,post-13900000126
eyJraWQiOiJ6aGlndWFuZy1rZXkiLCJhbGciOiJSUzI1NiJ9.eyJzdWIiOiIzNyIsInVpZCI6MzcsImlzcyI6InpoaWd1YW5nIiwibmlja25hbWUiOiLnn6XlhYnnlKjmiLdmNDUxYWZkNSIsImV4cCI6MTc4NzY2MjkwOSwidG9rZW5fdHlwZSI6ImFjY2VzcyIsImlhdCI6MTc4NzY2MjAwOSwianRpIjoiYmMyYmY5OTQtODQ0ZS00MTlhLWEyZWUtNDM2YTYzYmMyNTg0In0.kwIqzvSuyZvMngaVVW4VjFdKNnbi32jCBoK_wENhHFoS9efw2NpuDJhObgU438mydEAANCHVfUJWNcrRqoPdqd58jwV3uG3R2__Qt-ISVa4hRAe1WjsfHsPUWwh_04cMgkM5UesIU9dVBBIwlMwLACzSZtico7KPu9B0gjAiWakp9qEIwaOw6_uk8bbMXFxv1_wYnj6mBKvtOW7um4ikDlbDZzIQpUoYTghf5vXVjXpoU9s8NGXQTi0fQAKgBoBMlh8Txpwn5LCY--b2YqWapKr6COQpLpX1QZ47bEpc2y4cJzNxc2fYQ6bX9ALVkAd-COZETm7dyFDIxbHJ-G_4lA,post-13900000127
eyJraWQiOiJ6aGlndWFuZy1rZXkiLCJhbGciOiJSUzI1NiJ9.eyJzdWIiOiIzOCIsInVpZCI6MzgsImlzcyI6InpoaWd1YW5nIiwibmlja25hbWUiOiLnn6XlhYnnlKjmiLdjMzk1ODY3NiIsImV4cCI6MTc4NzY2MjkxMCwidG9rZW5fdHlwZSI6ImFjY2VzcyIsImlhdCI6MTc4NzY2MjAxMCwianRpIjoiMGM3MDQ3OGYtNDMzOS00YTQ2LTk0YjktNGY5ODEwNDUwMzIxIn0.MM2-R0jmBDoEAEzMFlbW-PwngGab9kVmvWG0fQnPV36ut-J7xmymgj9ITjBFVJUaHVtlAp3iyDyT4BvJfL7ooZcF1CAD9jg0Es0sLUj35mD9iDFGseQA36XwpNfEZYAEW1vd8eccCXfXzf98i5oPH7Zzf2u3zrL9Er0RWhybMsRYAyO1ca7_PU8mJEvvHcTYKCfkti8Qi8MWtCuQHgRWsqNiayjdbFXaZU-K_hnUYxvJ8yjFF_E8ciw3o0TyOH8Y2l5HPf7-LPm6vWyin6QsMPZFfS6W-uvjfML7fCYV25TSdc7cRrux--mPOjVh5AZC744VnB8OaUQOWs-fuECs2w,post-13900000128
eyJraWQiOiJ6aGlndWFuZy1rZXkiLCJhbGciOiJSUzI1NiJ9.eyJzdWIiOiIzOSIsInVpZCI6MzksImlzcyI6InpoaWd1YW5nIiwibmlja25hbWUiOiLnn6XlhYnnlKjmiLcxZTJiMTg1MSIsImV4cCI6MTc4NzY2MjkxMCwidG9rZW5fdHlwZSI6ImFjY2VzcyIsImlhdCI6MTc4NzY2MjAxMCwianRpIjoiZTgxZmM2NzgtNWZiYy00MGUzLTlmMjYtZjYxZjA1OGQwMTc1In0.NZCaDI3PEhUuAr3SYTrFHbIGIF3UX7mFnlLzPRWy1fOMmvyBzJTcEXTP8OXMcQf2e9IlQlghThjSjA-JXE80UV1WfKq60Lysu5Oz20txExfUgxADPbGFSGCTJin4gudXV8UvuAd9b2CYX93kJcHqj7qio9vP_wHWXaLj90pRUxnsrStqp34Bh1qZUT-FRUE-7obatoDV2hp2IgcaNN761gA0iwxL3bKa58xlg4bYR58ILh329tMwiIUnTVujEMuJfuDm1DRdFZ8l1HJhPT0anf3vRjaDcmBJyQn24voQLlPE_p5LUpjYmLBJkHf1m4anTNaR792SZKaUZFEEKZLy0w,post-13900000129
eyJraWQiOiJ6aGlndWFuZy1rZXkiLCJhbGciOiJSUzI1NiJ9.eyJzdWIiOiI0MCIsInVpZCI6NDAsImlzcyI6InpoaWd1YW5nIiwibmlja25hbWUiOiLnn6XlhYnnlKjmiLdiN2YyZjE3ZSIsImV4cCI6MTc4NzY2MjkxMSwidG9rZW5fdHlwZSI6ImFjY2VzcyIsImlhdCI6MTc4NzY2MjAxMSwianRpIjoiZDdkZDQ0NmMtODQ0Yi00M2UyLWI1NmEtMmQzMDc1ZDUxMDE2In0.L2-MDcM8z_vG4CvoFN2BfPFoZLzV4hwAj9CQgopUNl2N7-lag6kW0t8ftOQdOGYH_sj7dJorsQK2MlOHOeQf9y_l01ejvqi_p6PDOAHCftWUOnEEwH4nmmDFlX14y92e4adrjb56Q2JndZA6yB5EwYKM4MlJdKFbM-z7e2mkkW2-1h1m_VnA7e7JheLeMyGsE5jbPvl4KX7Ict7qc9-Hx5s1jhkMVz_2FHuD8un30556Oc2_7oHr52m_9e4UjJTHtPdxMGeGebl2yGpXbsYEuXx4f-DX_J8gyKVzgwfl1ArBlxsYx_Zs3cNkh9t8p1rkq0piw6X3WKq4p3Bnqxmlsg,post-13900000130
eyJraWQiOiJ6aGlndWFuZy1rZXkiLCJhbGciOiJSUzI1NiJ9.eyJzdWIiOiI0MSIsInVpZCI6NDEsImlzcyI6InpoaWd1YW5nIiwibmlja25hbWUiOiLnn6XlhYnnlKjmiLc1YTc5YzUzOSIsImV4cCI6MTc4NzY2MjkxMSwidG9rZW5fdHlwZSI6ImFjY2VzcyIsImlhdCI6MTc4NzY2MjAxMSwianRpIjoiNDViMmNhYjMtNWFjNy00ZDg4LTlkZGUtNzIwNmZiNjYxYjI5In0.CxzoXbhQbclSSbOXbz3HUGRYSujTwN5jdaOjSYr7TxpXQlKtNsvxmt3HISIKGrnJk42KQll1U41r0Y3T-nLOFFhuBEmsecKBrO95WNS4zfIpUFmhGVFMr5BY6l-AJbSXnNCmZQot3uEwgAA5GwLek6c-CSWhqBkPLy-Uu9xkPN2gQQYgycxvqRM-kjBd7_rKnlj3docN2Hmtlx9f9r4TA_y7-CM5_eGZRCVGLnpIyxpI-ApG5EfaaX71D7miJ2hEtxZiAb01CF6CWlPUiSoTxHJDMKslj8HxHzqrnco5xK4XqrA3lXPt6EauStVF2c3p5xazMK1imjnY3YKT6iqIZA,post-13900000131
eyJraWQiOiJ6aGlndWFuZy1rZXkiLCJhbGciOiJSUzI1NiJ9.eyJzdWIiOiI0MiIsInVpZCI6NDIsImlzcyI6InpoaWd1YW5nIiwibmlja25hbWUiOiLnn6XlhYnnlKjmiLc0N2UxNTRkYSIsImV4cCI6MTc4NzY2MjkxMiwidG9rZW5fdHlwZSI6ImFjY2VzcyIsImlhdCI6MTc4NzY2MjAxMiwianRpIjoiMzYzODFmYjctMTc5ZC00MzkwLWI0OTMtMTBmNWNjMTU2MzQ3In0.FYeTXk2EKJ1NVTICcWiyb1SeiBcxNjZsXQYb_RFGU4ivoTQxMwxCMyoC5VDvWSpLjKBl3NAGZogbpdyw8iErkhB2LJgBp39fCYvUqhd3fiC0SG9mPS2NRNMZ6W4U7xmAjWHrX4VjXdb6ETWcHE1xSkTQrf1qR_pyzIsqyKfZ3EN1uxewFzGHq8OPzGX39dhYnSpoP3bb54varvt-7xMyjniuCQBmLTUHXEMk12LwPuiK-LOCsMZEcsTyI5T3IDnhyN7d1weHpwogSV_1UKTPI9s4CTM6uZXH3VRm42YhrTHVdZi1v4oJi0Vb20a18sgnrgA1nBPgXw7twNDEpll7Qw,post-13900000132
eyJraWQiOiJ6aGlndWFuZy1rZXkiLCJhbGciOiJSUzI1NiJ9.eyJzdWIiOiI0MyIsInVpZCI6NDMsImlzcyI6InpoaWd1YW5nIiwibmlja25hbWUiOiLnn6XlhYnnlKjmiLdhMzdhMTZiZiIsImV4cCI6MTc4NzY2MjkxMiwidG9rZW5fdHlwZSI6ImFjY2VzcyIsImlhdCI6MTc4NzY2MjAxMiwianRpIjoiNmM4YTg5OTEtMWQxNi00ZmUxLWFjMjctMGY5MjI1ZDFmODM5In0.KxlS2UCTwlKRvDY482W3btfCWKfuUBoXaN7Kvgy9y5SdL9ssm3hcZjDe-lukGp_TUrcp7iOpzCivrvFdXSzFF1S2T2VKx0usFZAk6Ai-usUXUxGwMpCxje8kn86kWlAHNB6YsJ16MQPqdR90b5LQstSmSHj93Lz2wuSHOzwL-102zjN8dsun_wt8xPSu2fm_ObF4dvU60au2x4dR2WqnO2WGACwRlad0xkik4fWxhr_ECjk2lTep-zgml5mV-uEu0eL0O-_AyWUlZndXNmOfgmswVKWqa0wgshtkjl0rGg9AP7N_lOAfSIAliUabE5OQkuqIO5GBGdJaevnjqHB66A,post-13900000133
eyJraWQiOiJ6aGlndWFuZy1rZXkiLCJhbGciOiJSUzI1NiJ9.eyJzdWIiOiI0NCIsInVpZCI6NDQsImlzcyI6InpoaWd1YW5nIiwibmlja25hbWUiOiLnn6XlhYnnlKjmiLc5MjQzYzQxMiIsImV4cCI6MTc4NzY2MjkxMywidG9rZW5fdHlwZSI6ImFjY2VzcyIsImlhdCI6MTc4NzY2MjAxMywianRpIjoiNTYwM2IzNDgtZWNmMC00OGNkLWIwODQtZWI1MzBkNDZhMGU3In0.DKXSiKWHJDdwrathJ8o_HbcPvbPtfdRx2rwboPpAp0Qu6rR2nsXm6Ge85r6BGi5Y9bqgsFsNJL-YOyzd3v5oRRhHTYedq6Ty8cFixiH1CNjAMw-UsAe43lw0zuY8f5fi0l-sFbjC9mONoTbsAfnzTlueuf13vIq4h1XFV0AeA3PImcRZg-0oAFJU9wOnP09TAH-Ol8IwltJ7nBpurDW6aluPRgbdKCg82YB4EA6kgNTFctexgYlEuqx315L1j7ELiS7lH2sUFsxdF8Q2dAnXaB0iX1aI5Li6T194Juul6Lnfw8ZeayCsoFrnSBg3Wu05ccSPJk6E8NFyV0CJBLgrKQ,post-13900000134
eyJraWQiOiJ6aGlndWFuZy1rZXkiLCJhbGciOiJSUzI1NiJ9.eyJzdWIiOiI0NSIsInVpZCI6NDUsImlzcyI6InpoaWd1YW5nIiwibmlja25hbWUiOiLnn6XlhYnnlKjmiLc5NjIyMjJiMCIsImV4cCI6MTc4NzY2MjkxMywidG9rZW5fdHlwZSI6ImFjY2VzcyIsImlhdCI6MTc4NzY2MjAxMywianRpIjoiOGJhMWU1MTgtMzJlNi00ZmUwLWE5ZGItNzQ5NDQ3ZmZlZGIyIn0.R68WhIQt2egKEmmOSGCMK_JVlNmI5vpt2_y4XA5aQWE7OLNpwn4qMWnVb5QFDRZPHRPbjwziDwBtp46kGPW7oRZ0l2X4HXkSX2UyppzcocD69cSzt-0BPgz1a29ah6zOhmi3F1ckxs5qoLg4_wS4c96OaV1SNtkPM-3YzzWt1q6lGuWpzVx3Tfe6UMTw_4Vm5r9daqyKJKP8C2XuPE6MIfudX5pYDrZJ7SL1ntjlq6YHyMTU_yo9yO19Yu4zmx7SBkIial00MGngJi_9SYa9y0Zax3-_7fK86fARGKoKuFDojnFms1f4MCRd4QhbcRCvoWwUlm5vZB8SMTRdxMdbBQ,post-13900000135
eyJraWQiOiJ6aGlndWFuZy1rZXkiLCJhbGciOiJSUzI1NiJ9.eyJzdWIiOiI0NiIsInVpZCI6NDYsImlzcyI6InpoaWd1YW5nIiwibmlja25hbWUiOiLnn6XlhYnnlKjmiLczNDhhMWJjMCIsImV4cCI6MTc4NzY2MjkxNCwidG9rZW5fdHlwZSI6ImFjY2VzcyIsImlhdCI6MTc4NzY2MjAxNCwianRpIjoiNmRiZDI1MjktMTI0OS00MmQ2LWJiZjgtOTAwZjgxZjQ3ZDY5In0.JntZLRWVTUmincSkk5QaqaxYb3yjcm9fHwUi-c5jKbIo5oDJupznVVM61k2cXtnjTje7pJgOD7toozhBJmnNpr-ZSZMa6-luIndUB-rIZFZ9j_AcZTAioGKUKmioTX5f2nCxmzQ6C3qwqSckb3Bv6_FkXXxJBxsJDbMnEQO-EZovgbrp2tyV0y0YCSU7g2QTvx5oRwD-RuKRsEJ_SQ4fqgqRSZteH6UP3YvTVoBdWm9PhTbBfjKwH16NwhHiHvj_CH6DzAMr67yAUlFMKqiXAUy4BgSSvmMvkF4r_fdw-JyAjmpvQMPIhDVdEAoJoKucy9BndVegiV1DPSwYovAgow,post-13900000136
eyJraWQiOiJ6aGlndWFuZy1rZXkiLCJhbGciOiJSUzI1NiJ9.eyJzdWIiOiI0NyIsInVpZCI6NDcsImlzcyI6InpoaWd1YW5nIiwibmlja25hbWUiOiLnn6XlhYnnlKjmiLc4NmY5NzUwOSIsImV4cCI6MTc4NzY2MjkxNCwidG9rZW5fdHlwZSI6ImFjY2VzcyIsImlhdCI6MTc4NzY2MjAxNCwianRpIjoiMzRjNDRlYzQtM2JkZi00YzkwLWI0YmYtMWE4Y2NkZmMzMDNhIn0.i722Ap7oUnBZt49GqD5p8w4UJZw5cQszHf1boywMRFqcv9tipjOAvS3Oj1CPgpqvw74eUjA463NJBYMERgoxr88jiFwmJXL32DT7QoF1HuOO3hkXe74Z0o87YOg4A83eNShgwM_9kvaBoHFXRBk9ORuVBAirm_b93DiYxw5vu5rGbl2K-sJ7sk99GtijQl8qCFPjl6ntq_HhiV-eWW8R5u2n2MlTl1Y89M059TUb2OqnOOmvz97dnGw_uKn7dMi0jWN7_Y_LSza41-4_HC1-Toqt0CDQ0SaWi2ZIKBXTNex-h4srFIfCDmZfzAEjtFJNdfwRVq20PIQtdoaWDODuyw,post-13900000137
eyJraWQiOiJ6aGlndWFuZy1rZXkiLCJhbGciOiJSUzI1NiJ9.eyJzdWIiOiI0OCIsInVpZCI6NDgsImlzcyI6InpoaWd1YW5nIiwibmlja25hbWUiOiLnn6XlhYnnlKjmiLc1NmM0MmYyNiIsImV4cCI6MTc4NzY2MjkxNSwidG9rZW5fdHlwZSI6ImFjY2VzcyIsImlhdCI6MTc4NzY2MjAxNSwianRpIjoiOWZmMTc3OTYtMTU4ZC00Y2JmLWE3ZGUtZDYyNGM3M2QyYTQxIn0.vBkZjtkS4TIOSlkElJR9aEtPkIfbZAmnR0A9fDua-UB2CZMJ9MufkjqhAYmBQ2NtNp4hnkBuuYkaa3wGgOYXVsgOLEdafhMZ_3QFU5wI6T7_2pDrPLQVOxIpOUp40ulbhu99JYngAG3enu-J6hq7o17g04jBnUwcZv9iBylnnBEkWe8gCapGOMNbrOcIBs0rcZHH-qd1gl2TG9kt6Lq8XX0IfPjJPj3-rd8Wd-boVKsHqibFBE4knKg7n3AuV1eoIk_F4-7SCuxvJ1a9EDGfSvP0pVhxV4lE3k59DCTRSKM4KlOHP6Ydt1aja6M7Eq5AzVKoddHH9GxtHzhAwei-Dw,post-13900000138
eyJraWQiOiJ6aGlndWFuZy1rZXkiLCJhbGciOiJSUzI1NiJ9.eyJzdWIiOiI0OSIsInVpZCI6NDksImlzcyI6InpoaWd1YW5nIiwibmlja25hbWUiOiLnn6XlhYnnlKjmiLcxNTlhNDIxZSIsImV4cCI6MTc4NzY2MjkxNiwidG9rZW5fdHlwZSI6ImFjY2VzcyIsImlhdCI6MTc4NzY2MjAxNiwianRpIjoiYTQyOGMzOWItNjRmYi00YjMxLThlZWUtMjJiNGFlMzI4NzJlIn0.nDwWVNTawXymhGt4p8OZGRI1YV_9hp4sRzxp5F0thkniL01-pZMR42y8IhVobtuU6WU96PLCeLfqjbSBH0czP1boe8ObWkX1tH97xdQUXN383ewB0HcBCnTsTxgd1P4vqkNJIKK__TYKwGnRrR3l1PbQmajcKy-CEmMB4tN3XiL_F9Dh-JKN83rimnGTvChTvEXDB8cgC2I5qlhSTv2mkpqNhaFv_PYBjuTmsxRJhDrp4Q40na6hFeeD5AlPhq_7wIC8nrlhHRN0h6ltL3_c8SRZHY885znuyKgEsqE9Q4ksIt1_8FRw8YJxJ0tugcTM_0If6Ck9xzsfPA_TMy1U-Q,post-13900000139
eyJraWQiOiJ6aGlndWFuZy1rZXkiLCJhbGciOiJSUzI1NiJ9.eyJzdWIiOiI1MCIsInVpZCI6NTAsImlzcyI6InpoaWd1YW5nIiwibmlja25hbWUiOiLnn6XlhYnnlKjmiLdkNWM4ZmFjMSIsImV4cCI6MTc4NzY2MjkxNiwidG9rZW5fdHlwZSI6ImFjY2VzcyIsImlhdCI6MTc4NzY2MjAxNiwianRpIjoiZWMyZTI1ZDQtMzBjOS00ZTcyLWE5Y2QtMTMzYTQwMGQ1ZWVlIn0.PDgJgfvbF7En54Y5aqnF2DU7ra97GnQn1VNrnXBSLDe9tWyDrXQ4Lo9cFNS3Z4IHy_70nGc5y7K6HYwQE5or9sPlROdcDk8yuav5lXvVPL9U5TM3hD88nKxHNaqWoUNQU6yGG-mHaIFqjSOs54cC1toUpQuJWNCV2wRvOTFTT3tPsS5ngWkmifHFfI5FyX6sjVH8q1aEhq4V1S-wOK_VN2xKfejht8ssP652VFi1l6z1_Sk8nU0P8Ie7lhgab7m0c8qnHVEXKsfCkQ99n9UclXFx5pY5HAXeALH9GJOUzttfUx9UqmFD1DDoSezDxWBFivfCVgBl3ra25io-1wKxBA,post-13900000140
eyJraWQiOiJ6aGlndWFuZy1rZXkiLCJhbGciOiJSUzI1NiJ9.eyJzdWIiOiI1MSIsInVpZCI6NTEsImlzcyI6InpoaWd1YW5nIiwibmlja25hbWUiOiLnn6XlhYnnlKjmiLcwODk4ODI1NSIsImV4cCI6MTc4NzY2MjkxNywidG9rZW5fdHlwZSI6ImFjY2VzcyIsImlhdCI6MTc4NzY2MjAxNywianRpIjoiMjhhZjJmMTItNDBhNi00ZDQ0LTk2NmQtYjNmODM1ZjkwYmNlIn0.xdT0bNjSCpxOk2xg6uzwcmsHZwyk5fJPHhhpKOrDGloui3uM9gr8zL53PxUPEUZbs7qCEhS8u-7PlTGhzDASj8GMpZqg4_rSKuBL7XMEytT3OTqJD_aZyRSWbD79PHNe1s_AeAuDbjxSOMJ1gp_0LgaE7A20owm18E9nG391Aq10lOHFmk8sZ0Y3fMSnauHuR6ycL0OohT9tg6To9jKiCD7P_Vm-CwKu6TyRAzy3r-jY4F_lNN7oJdwije62sbWtSB-L3Y8uVyYA7IXaPvKSaCz8CbOmK_5vgHoBb7Er4FD3xMVcXB6cl8ugDONyACA14SZcaUpqPNME0xUzseHWEw,post-13900000141
eyJraWQiOiJ6aGlndWFuZy1rZXkiLCJhbGciOiJSUzI1NiJ9.eyJzdWIiOiI1MiIsInVpZCI6NTIsImlzcyI6InpoaWd1YW5nIiwibmlja25hbWUiOiLnn6XlhYnnlKjmiLc3ZTI3NTAzYyIsImV4cCI6MTc4NzY2MjkxNywidG9rZW5fdHlwZSI6ImFjY2VzcyIsImlhdCI6MTc4NzY2MjAxNywianRpIjoiNGY4Mjc4OTgtOTMyOS00NjY5LWFlMjktNzYxZmQxOGFiZjEyIn0.KjZaL6ykOQDkPs7GHz-D4mUD92mLnR9iNE1nrbtUrHFpuNo8W5s6yK5iR0yq3vTQyUULpr7wEAmOz00ggfgCGz0UBK0g9oi6f-bZCjz-gaQ555UgeYQDWsIahR2Ay2aN_4EMC2bIBVItZ2NnBJ_sb74f5KcivS59lPf8llqIqVJXevXOOi8IsjfZzwI5mkC55l859OkoFhWdUOn20vJrw3zZSbOH6-70lbxMl_pvy38wq6qmC862kYhIkVrqnfLzlYgWRWxZ0YnXRc7NT74qHYVq9rfDIhJ7jiGZnzaRZuybLYTH1VQ0D1CAJF9YGDX_vRnbJAMK28GmINGnNDCNMw,post-13900000142
eyJraWQiOiJ6aGlndWFuZy1rZXkiLCJhbGciOiJSUzI1NiJ9.eyJzdWIiOiI1MyIsInVpZCI6NTMsImlzcyI6InpoaWd1YW5nIiwibmlja25hbWUiOiLnn6XlhYnnlKjmiLczNGVhZWIyMyIsImV4cCI6MTc4NzY2MjkxOCwidG9rZW5fdHlwZSI6ImFjY2VzcyIsImlhdCI6MTc4NzY2MjAxOCwianRpIjoiN2U4MzcxNjMtODdjYy00ODRlLWFkMjYtYmMxZTczN2I0ZjU3In0.URX-jUwS2qzlRWbHceeStHFcvZFRvINAgNJu8Dra5GX3E6r3Pxag1RKrUQrtwVOllOv3amMZe83XJJVq8QfXqXqHNfinh7Ihqz9dkzUAEf1S-om2ZzMuR3HCJ5dmZW5tt3dqfY9qGTodQ_vIIEl0xMVe-G0HEsEU0lTz_XDXZDvepnEnoXirPUzHYyaiJbG1dIzbz3ZCBGwTuniVZ514H3uw12NxyKrdrgDQAH9doX_5tAKJuwbl71gpLJcVOjH50VxIF1tMXiyTk_iiD7IfuNAZemnZ2FY9seIwZD5fBSTuJfEH5N7EthX6u6ExUbO4cOgG-Sf40_oLNAq3cj4gVQ,post-13900000143
eyJraWQiOiJ6aGlndWFuZy1rZXkiLCJhbGciOiJSUzI1NiJ9.eyJzdWIiOiI1NCIsInVpZCI6NTQsImlzcyI6InpoaWd1YW5nIiwibmlja25hbWUiOiLnn6XlhYnnlKjmiLcxODQyZTVmMSIsImV4cCI6MTc4NzY2MjkxOCwidG9rZW5fdHlwZSI6ImFjY2VzcyIsImlhdCI6MTc4NzY2MjAxOCwianRpIjoiZGNjYzdlNWUtZDJlYi00MGU1LWI2NzUtNGVkMGI4ZTQxODE4In0.WW7cb5Tp-cOgSoNgxlVRk7QRPCGwpueikFWp_c9zen1HgWbe67e99QEPktg0PG7MCpufIdFtJfCTDsqInM-xBoS0IkN2gV3qV7yIdwanhMwDMpajjWMN9MwoBK7563F1-g5ucK5dcN4dvxVFE159BeADZzkSkyU5dYWfs2dxfFSoWfdBzJTzPrc24owKsVXPnmdtS9vuguSiOL6lMILcygVJNnBCZZ9yRV_VAP2RnoxEQnrbiNEE-hwHoQwwRmOLl8VEqzaXiFKxGlt3H_4GwDeOU2jQ69U8722NLdPwPoWmP6Tgplkpbdbs7nB7QkS4z9mXq31y_YyAbWoYIVSU6Q,post-13900000144
eyJraWQiOiJ6aGlndWFuZy1rZXkiLCJhbGciOiJSUzI1NiJ9.eyJzdWIiOiI1NSIsInVpZCI6NTUsImlzcyI6InpoaWd1YW5nIiwibmlja25hbWUiOiLnn6XlhYnnlKjmiLdiZWZhYWUzNyIsImV4cCI6MTc4NzY2MjkxOSwidG9rZW5fdHlwZSI6ImFjY2VzcyIsImlhdCI6MTc4NzY2MjAxOSwianRpIjoiOTE1YWRkZGMtZjU4MC00ZGU3LTgzYzgtYWUwN2NmMjI5YTlkIn0.jamFRGiKp4_8ZhubMVxn83z5y0R3m0qJAzQePLByQBeqEW7lkLufHJaJR9Ue91BZd4DKyuovYfrbdZoFjqP11VEbzp0K88x8nZUEYgLdsyFRiCGNC_QJJtRR5vCAhSF-mrOXghWsri5AfDVXuJnXWFhmmkEIFE_RmK8ZGx_v_epfrKiTk7qK9O-Xqxd7FaBq-TRjo-P7IkxSfsUEVDAIzYOZzfqpHvu_UeENVB0kJS-__CY4yT4947NBdMUk19p2nbcvUshbmALRoWOjGHHRR91ji_9opbEIR744xyedTAo4N23lnH-whIkGpCDw4l6z0PNf8a4tsH3rIfVB0kcfdg,post-13900000145
eyJraWQiOiJ6aGlndWFuZy1rZXkiLCJhbGciOiJSUzI1NiJ9.eyJzdWIiOiI1NiIsInVpZCI6NTYsImlzcyI6InpoaWd1YW5nIiwibmlja25hbWUiOiLnn6XlhYnnlKjmiLdjNTdmYTVhNiIsImV4cCI6MTc4NzY2MjkyMCwidG9rZW5fdHlwZSI6ImFjY2VzcyIsImlhdCI6MTc4NzY2MjAyMCwianRpIjoiOThlZWNiMTMtNDI3MS00NTFhLWFlMmEtNTZlOGM0NWY3NmE5In0.SZ55aOGcRPknng7TOcIoulNwZrP2dVY0pC9eRybsk73YZucW4QiBIAPm3YKFbZJlD53_tMkJaoLRbbrAtLMGIuj3CRWsRg831JVXhJnRpOpG-sFRvmJWdXLxu199jpeZexLTPB1-FPhKdDEP_tXwQDjP8MSuyG48vVGhIx3x3ArnhRNi8-Qf-BfrSDin6CSrI20L0q598ExtoZHjBKkqm1HyHlnN3CrHZTIfvQEV0Pi0mHBqou7bAxwmGPhi-4quZ0pDzVaz0aB2SEMyfv9P8Qu_Ydc2ryXho_VXadfITq7I7ImSPAItfeRP3Y_FVp2xRCffGlr6o6h9fNRAwtcT_A,post-13900000146
eyJraWQiOiJ6aGlndWFuZy1rZXkiLCJhbGciOiJSUzI1NiJ9.eyJzdWIiOiI1NyIsInVpZCI6NTcsImlzcyI6InpoaWd1YW5nIiwibmlja25hbWUiOiLnn6XlhYnnlKjmiLdmMThjMzQ2OCIsImV4cCI6MTc4NzY2MjkyMCwidG9rZW5fdHlwZSI6ImFjY2VzcyIsImlhdCI6MTc4NzY2MjAyMCwianRpIjoiNDAxYjZiZjYtOTg3Yi00MmIzLTg3ZTUtMWEzZTk4ZDgzY2U1In0.fVeb9bZddEvwwLWwsd5MBNUd4vZ2bdDg01IvX__-NjAZn6ayOBXKy8N98dcjndsyPOhr8VhjTLafyCfocrfeHDDJD4GsP0GS8DAnHDcTmOscHQm0dKgKyj9o65g-b_7ZP6-1W3VE-RtuFyB8HODSXpKb1tHMX4TPoWuL28eTtEPt-WbTvSsyVYlpXaS9_0jg9bIEJng6wOmSn-Sq0jciISrdzMh0hdmaJ71aomnyY0YHGrZJauRT1X-zlDCRN29ooMFrulGQGKqH9i1lG6FpKza5Nprl9NycLGSQxErB6y1V_MP8xJTNiyDcA3xbNgCA5Ka5cJgga97jES_4Pg-jRg,post-13900000147
eyJraWQiOiJ6aGlndWFuZy1rZXkiLCJhbGciOiJSUzI1NiJ9.eyJzdWIiOiI1OCIsInVpZCI6NTgsImlzcyI6InpoaWd1YW5nIiwibmlja25hbWUiOiLnn6XlhYnnlKjmiLc0ZDVjYjEyMiIsImV4cCI6MTc4NzY2MjkyMSwidG9rZW5fdHlwZSI6ImFjY2VzcyIsImlhdCI6MTc4NzY2MjAyMSwianRpIjoiM2RmMjg4ODAtZGVlMi00MmQxLWE4ZjUtZDM1Njk2MzA3NjQ3In0.xZGT8SyB2yg43vcdOmB0rLXfX9nf1Q1fMN2t68KgvLPpwfiUqVVYMvKpfZaI22xYXPahP4oTeAyzefDGH8FKTG2WiM9L5gFF-rqsp6tfThYaHyMiKXV0TKxG-sW9jsFG23Al_YLmwdEFaizD91sQnQDkZSIHTF7r16nG4MvhM60n6ELmVf3TsXYBkD8OaPkDgda9VcE-B43Gmm92CXQVqwFnrOLRu0wo1ZhWZzL2_YH6VztIwijN_rEG-0tCiCaG6eKvGnWeM6GL6G7eOt2e7RZYNmlbE-8uQHdA0CoUlolXvcjx1Tu6o1bzHB0bcqueTc-HNcIidSNTfmrOxXziVg,post-13900000148
eyJraWQiOiJ6aGlndWFuZy1rZXkiLCJhbGciOiJSUzI1NiJ9.eyJzdWIiOiI1OSIsInVpZCI6NTksImlzcyI6InpoaWd1YW5nIiwibmlja25hbWUiOiLnn6XlhYnnlKjmiLcwNjk0NWFiNCIsImV4cCI6MTc4NzY2MjkyMSwidG9rZW5fdHlwZSI6ImFjY2VzcyIsImlhdCI6MTc4NzY2MjAyMSwianRpIjoiYTU1M2Y5ZmItYmJmZC00ODlhLWE0YmQtMmMwMzAwNTNjZjk1In0.r1aItG7_XB0YccHPa2RbfApFp_Fte-w3cx-blVyi2O8f2OYvgsJDC3D6yJrlGpkbPsdfpz0-iPZtpG8a-ejNPVMt9ij3NxwXmmY_jAJd8QOaRmD4p7RW19SUrqSRNGln9eD1pdNjcYAPCJ4bku2jN4o6Dt-2iuG2crY_IbA6osnUP4KUxhGrLgV_iZu9O7a_C0iTOrQdCaATxtFKpeRAazfVwGQBTYqJJMG1qjLPCTyyKUXaFY808nHAHPPcq7lbndXzAouKBtsCezyNLuFWO84huPpcC8NYJEbQ_oBk7OBnvWX8RGdhDQ32O4a-I7HwFAxUCrEz5MMiy2WdRuHXKA,post-13900000149
